name,slug,description
Budgeting & Saving,budgeting-saving,Guides on budgeting saving habits and emergency funds
Investing,investing,How to invest in stocks funds bonds and grow wealth
Loans & Debt,loans-debt,Managing loans paying off debt and borrowing smart
Mortgage & Real Estate,mortgage-real-estate,Home buying mortgages and property finance guides
Retirement Planning,retirement-planning,Planning retirement pensions and early retirement
Taxes,taxes,Tax saving filing and understanding tax rules
Credit & Cards,credit-cards,Credit scores credit cards and rewards optimization
Insurance,insurance,Life health and general insurance buying guides
Banking & Deposits,banking-deposits,Bank accounts fixed deposits and interest rates
Personal Finance,personal-finance,Money basics financial planning and net worth growth
Crypto,crypto,Cryptocurrency basics investing and safety
Career & Income,career-income,Salary negotiation side income and freelancing money
Business Finance,business-finance,Small business cash flow pricing and accounting basics
Money Management,money-management,Everyday money habits tools and financial decisions
