title,slug,category,focus_keyword,search_intent
How to Create a Monthly Budget That Actually Works,how-to-create-a-monthly-budget,budgeting-saving,how to create a budget,informational
The 50/30/20 Budget Rule Explained With Examples,50-30-20-budget-rule-explained,budgeting-saving,50/30/20 rule,informational
How to Build an Emergency Fund From Scratch,how-to-build-an-emergency-fund,budgeting-saving,emergency fund,informational
15 Realistic Ways to Save Money Every Month,ways-to-save-money-every-month,budgeting-saving,ways to save money,informational
Zero-Based Budgeting A Complete Beginner Guide,zero-based-budgeting-guide,budgeting-saving,zero based budgeting,informational
How Much Should You Save Each Month,how-much-should-you-save-each-month,budgeting-saving,how much should i save,informational
Sinking Funds Explained How to Plan for Big Expenses,sinking-funds-explained,budgeting-saving,sinking fund,informational
How to Stop Living Paycheck to Paycheck,stop-living-paycheck-to-paycheck,budgeting-saving,paycheck to paycheck,informational
Investing for Beginners A Step by Step Guide,investing-for-beginners,investing,investing for beginners,informational
What Is Compound Interest and Why It Matters,what-is-compound-interest,investing,compound interest,informational
SIP vs Lump Sum Which Investment Is Better,sip-vs-lump-sum,investing,sip vs lump sum,commercial
How to Start Investing With Little Money,how-to-start-investing-with-little-money,investing,start investing small,informational
Index Funds vs Mutual Funds Explained,index-funds-vs-mutual-funds,investing,index funds vs mutual funds,commercial
What Is Dollar Cost Averaging,what-is-dollar-cost-averaging,investing,dollar cost averaging,informational
How to Build a Diversified Portfolio,how-to-build-a-diversified-portfolio,investing,diversified portfolio,informational
Understanding Risk and Return in Investing,risk-and-return-in-investing,investing,risk and return,informational
Best Investment Options for 2024,best-investment-options,investing,best investment options,commercial
How to Pay Off Debt Faster Snowball vs Avalanche,debt-snowball-vs-avalanche,loans-debt,debt snowball vs avalanche,commercial
Home Loan vs Personal Loan Which Is Better,home-loan-vs-personal-loan,loans-debt,home loan vs personal loan,commercial
How to Get Out of Debt on a Low Income,get-out-of-debt-low-income,loans-debt,get out of debt,informational
What Is Debt to Income Ratio and Why It Matters,debt-to-income-ratio-explained,loans-debt,debt to income ratio,informational
Should You Consolidate Your Debt,should-you-consolidate-debt,loans-debt,debt consolidation,commercial
How Loan EMI Is Calculated With Examples,how-loan-emi-is-calculated,loans-debt,how emi is calculated,informational
First Time Home Buyer Guide Step by Step,first-time-home-buyer-guide,mortgage-real-estate,first time home buyer,informational
How Much House Can You Afford,how-much-house-can-you-afford,mortgage-real-estate,how much house can i afford,informational
Fixed vs Adjustable Rate Mortgage Explained,fixed-vs-adjustable-mortgage,mortgage-real-estate,fixed vs adjustable mortgage,commercial
Should You Refinance Your Mortgage,should-you-refinance-mortgage,mortgage-real-estate,refinance mortgage,commercial
Rent vs Buy Which Makes More Sense,rent-vs-buy,mortgage-real-estate,rent vs buy,commercial
How Down Payment Affects Your Mortgage,down-payment-explained,mortgage-real-estate,down payment,informational
Retirement Planning in Your 20s 30s and 40s,retirement-planning-by-age,retirement-planning,retirement planning by age,informational
What Is the FIRE Movement,what-is-fire-movement,retirement-planning,fire movement,informational
How Much Do You Need to Retire,how-much-to-retire,retirement-planning,how much to retire,informational
401k vs Roth IRA Which Should You Choose,401k-vs-roth-ira,retirement-planning,401k vs roth ira,commercial
How to Maximize Your 401k Employer Match,maximize-401k-match,retirement-planning,401k match,informational
Income Tax Basics Everyone Should Know,income-tax-basics,taxes,income tax basics,informational
How to Reduce Your Taxable Income Legally,reduce-taxable-income,taxes,reduce taxable income,informational
Standard vs Itemized Deductions Explained,standard-vs-itemized-deductions,taxes,standard vs itemized deduction,commercial
Capital Gains Tax Explained for Investors,capital-gains-tax-explained,taxes,capital gains tax,informational
How to Improve Your Credit Score Fast,improve-credit-score-fast,credit-cards,improve credit score,informational
How Credit Card Interest Actually Works,how-credit-card-interest-works,credit-cards,credit card interest,informational
Best Ways to Use Credit Card Rewards,credit-card-rewards-guide,credit-cards,credit card rewards,commercial
What Is a Good Credit Utilization Ratio,credit-utilization-ratio,credit-cards,credit utilization,informational
How Much Life Insurance Do You Really Need,how-much-life-insurance,insurance,how much life insurance,informational
Term vs Whole Life Insurance Explained,term-vs-whole-life-insurance,insurance,term vs whole life,commercial
Health Insurance Basics for Beginners,health-insurance-basics,insurance,health insurance basics,informational
Fixed Deposit vs Recurring Deposit Which to Choose,fd-vs-rd,banking-deposits,fd vs rd,commercial
High Yield Savings Accounts Explained,high-yield-savings-explained,banking-deposits,high yield savings,commercial
How to Calculate Your Net Worth,how-to-calculate-net-worth,personal-finance,net worth,informational
Financial Goals How to Set and Achieve Them,how-to-set-financial-goals,personal-finance,financial goals,informational
Cryptocurrency Investing for Beginners,crypto-investing-for-beginners,crypto,crypto for beginners,informational
How to Negotiate a Higher Salary,how-to-negotiate-salary,career-income,negotiate salary,informational
Best Side Hustles to Earn Extra Money,best-side-hustles,career-income,side hustles,commercial
Freelancer Guide to Setting Your Hourly Rate,freelance-hourly-rate-guide,career-income,freelance hourly rate,informational
How to Price Your Products for Profit,how-to-price-products,business-finance,product pricing,informational
Understanding Profit Margins for Small Business,profit-margins-explained,business-finance,profit margin,informational
